Category,Hindi,Santali (Roman),English
Greetings,नमस्ते / जोहार,Johar,Hello / Greetings
Greetings,आप कैसे हैं?,Ched leka menama?,How are you?
Greetings,मैं ठीक हूँ,Ing thik geyang,I am fine
Greetings,आपका नाम क्या है?,Amag nutum ched?,What is your name?
Greetings,मेरा नाम...,Ingag nutum...,My name is...
Basics,हाँ,He,Yes
Basics,नहीं,Bang,No
Basics,यह,Nowa,This
Basics,वह,Uni / Hani,That / He / She
Basics,क्या,Ched,What
Pronouns,मैं,Ing,I / Me
Pronouns,तुम / आप,Aam,You
Verbs,आना,Hijuh,To come
Verbs,जाना,Chalah / Sen,To go
Verbs,खाना,Jom,To eat
Verbs,पीना,Nu,To drink
Verbs,सोना,Japid,To sleep
Verbs,देखना,Nel,To see / watch
Verbs,बोलना,Ror,To speak
Common Items,पानी,Da,Water
Common Items,भात (पका चावल),Daka,Boiled rice
Common Items,सब्जी,Utu,Vegetable / Curry
Common Items,दूध,Toa,Milk
Common Items,पेड़,Dare,Tree
Common Items,घर,Orah,House / Home
Nature,सूरज,Sing Chando,Sun
Nature,चाँद,Ninda Chando,Moon
Nature,नदी,Gada,River
Adjectives,अच्छा,Napay / Thik,Good / Beautiful
Adjectives,गर्म,Lolo,Hot
Adjectives,ठंडा,Reyar,Cold
